-- phpMyAdmin SQL Dump
-- version 3.4.5deb1
-- http://www.phpmyadmin.net
--
-- Host: localhost
-- Generation Time: May 24, 2012 at 04:10 PM
-- Server version: 5.1.61
-- PHP Version: 5.3.6-13ubuntu3.6

SET SQL_MODE="NO_AUTO_VALUE_ON_ZERO";
SET time_zone = "+00:00";


/*!40101 SET @OLD_CHARACTER_SET_CLIENT=@@CHARACTER_SET_CLIENT */;
/*!40101 SET @OLD_CHARACTER_SET_RESULTS=@@CHARACTER_SET_RESULTS */;
/*!40101 SET @OLD_COLLATION_CONNECTION=@@COLLATION_CONNECTION */;
/*!40101 SET NAMES utf8 */;

--
-- Database: `ws_portal`
--

-- --------------------------------------------------------

--
-- Table structure for table `bl_countries_states`
--

DROP TABLE IF EXISTS `bl_countries_states`;
CREATE TABLE IF NOT EXISTS `bl_countries_states` (
  `country_sate_id` int(11) NOT NULL AUTO_INCREMENT,
  `state_name` varchar(150) NOT NULL,
  `state_country` varchar(100) NOT NULL,
  `state_city` varchar(200) NOT NULL,
  `state_city_parient` int(11) NOT NULL,
  `state_status` enum('Active','Inactive') NOT NULL,
  PRIMARY KEY (`country_sate_id`)
) ENGINE=InnoDB  DEFAULT CHARSET=latin1 AUTO_INCREMENT=497 ;

--
-- Dumping data for table `bl_countries_states`
--

INSERT INTO `bl_countries_states` (`country_sate_id`, `state_name`, `state_country`, `state_city`, `state_city_parient`, `state_status`) VALUES
(1, 'Alabama', 'USA', '', 0, 'Active'),
(2, 'Alaska', 'USA', '', 0, 'Active'),
(3, 'Arizona', 'USA', '', 0, 'Active'),
(4, 'Arkansas', 'USA', '', 0, 'Active'),
(5, 'California', 'USA', '', 0, 'Active'),
(6, 'Colorado', 'USA', '', 0, 'Active'),
(7, 'Connecticut', 'USA', '', 0, 'Active'),
(8, 'Delaware', 'USA', '', 0, 'Active'),
(9, 'District of Columbia', 'USA', '', 0, 'Active'),
(10, 'Florida', 'USA', '', 0, 'Active'),
(11, 'Georgia', 'USA', '', 0, 'Active'),
(12, 'Hawaii', 'USA', '', 0, 'Active'),
(13, 'Idaho', 'USA', '', 0, 'Active'),
(14, 'Illinois', 'USA', '', 0, 'Active'),
(15, 'Indiana', 'USA', '', 0, 'Active'),
(16, 'Iowa', 'USA', '', 0, 'Active'),
(17, 'Kansas', 'USA', '', 0, 'Active'),
(18, 'Kentucky', 'USA', '', 0, 'Active'),
(19, 'Louisiana', 'USA', '', 0, 'Active'),
(20, 'Maine', 'USA', '', 0, 'Active'),
(21, 'Maryland', 'USA', '', 0, 'Active'),
(22, 'Massachusetts', 'USA', '', 0, 'Active'),
(23, 'Michigan', 'USA', '', 0, 'Active'),
(24, 'Minnesota', 'USA', '', 0, 'Active'),
(25, 'Mississippi', 'USA', '', 0, 'Active'),
(26, 'Missouri', 'USA', '', 0, 'Active'),
(27, 'Montana', 'USA', '', 0, 'Active'),
(28, 'Nebraska', 'USA', '', 0, 'Active'),
(29, 'Nevada', 'USA', '', 0, 'Active'),
(30, 'New Hampshire', 'USA', '', 0, 'Active'),
(31, 'New Jersey', 'USA', '', 0, 'Active'),
(32, 'New Mexico', 'USA', '', 0, 'Active'),
(33, 'New York', 'USA', '', 0, 'Active'),
(34, 'North Carolina', 'USA', '', 0, 'Active'),
(35, 'North Dakota', 'USA', '', 0, 'Active'),
(36, 'Ohio', 'USA', '', 0, 'Active'),
(37, 'Oklahoma', 'USA', '', 0, 'Active'),
(38, 'Oregon', 'USA', '', 0, 'Active'),
(39, 'Pennsylvania', 'USA', '', 0, 'Active'),
(40, 'Rhode Island', 'USA', '', 0, 'Active'),
(41, 'South Carolina', 'USA', '', 0, 'Active'),
(42, 'South Dakota', 'USA', '', 0, 'Active'),
(43, 'Tennessee', 'USA', '', 0, 'Active'),
(44, 'Texas', 'USA', '', 0, 'Active'),
(45, 'Utah', 'USA', '', 0, 'Active'),
(46, 'Vermont', 'USA', '', 0, 'Active'),
(47, 'Virginia', 'USA', '', 0, 'Active'),
(48, 'Washington', 'USA', '', 0, 'Active'),
(49, 'West Virginia', 'USA', '', 0, 'Active'),
(50, 'Wisconsin', 'USA', '', 0, 'Active'),
(51, 'Wyoming', 'USA', '', 0, 'Active'),
(52, 'Territories', 'USA', '', 0, 'Active'),
(53, '', 'USA', 'Auburn', 1, 'Active'),
(54, '', 'USA', 'Birmingham', 1, 'Active'),
(55, '', 'USA', 'Dothan', 1, 'Active'),
(56, '', 'USA', 'Florence / Muscle shoals', 1, 'Active'),
(57, '', 'USA', 'Gadsden-anniston', 1, 'Active'),
(58, '', 'USA', 'Huntsville / Decatur', 1, 'Active'),
(59, '', 'USA', 'Mobile', 1, 'Active'),
(60, '', 'USA', 'Montgomery', 1, 'Active'),
(61, '', 'USA', 'Tuscaloosa', 1, 'Active'),
(62, '', 'USA', 'Anchorage / Mat-su', 2, 'Active'),
(63, '', 'USA', 'Fairbanks', 2, 'Active'),
(64, '', 'USA', 'Kenai peninsula', 2, 'Active'),
(65, '', 'USA', 'Southeast alaska', 2, 'Active'),
(66, '', 'USA', 'Flagstaff / Sedona', 3, 'Active'),
(67, '', 'USA', 'Mohave county', 3, 'Active'),
(68, '', 'USA', 'Phoenix', 3, 'Active'),
(69, '', 'USA', 'Prescott', 3, 'Active'),
(70, '', 'USA', 'Show low', 3, 'Active'),
(71, '', 'USA', 'Sierra vista', 3, 'Active'),
(72, '', 'USA', 'Tucson', 3, 'Active'),
(73, '', 'USA', 'Yuma', 3, 'Active'),
(74, '', 'USA', 'Fayetteville ', 4, 'Active'),
(75, '', 'USA', 'Fort smith', 4, 'Active'),
(76, '', 'USA', 'Jonesboro', 4, 'Active'),
(77, '', 'USA', 'Little rock', 4, 'Active'),
(78, '', 'USA', 'Texarkana', 4, 'Active'),
(79, '', 'USA', 'Bakersfield', 5, 'Active'),
(80, '', 'USA', 'Chico', 5, 'Active'),
(81, '', 'USA', 'Fresno / madera', 5, 'Active'),
(82, '', 'USA', 'Gold country', 5, 'Active'),
(83, '', 'USA', 'Hanford-corcoran', 5, 'Active'),
(84, '', 'USA', 'Humboldt county', 5, 'Active'),
(85, '', 'USA', 'Imperial county', 5, 'Active'),
(86, '', 'USA', 'Inland empire', 5, 'Active'),
(87, '', 'USA', 'Los angeles', 5, 'Active'),
(88, '', 'USA', 'Mendocino county', 5, 'Active'),
(89, '', 'USA', 'Merced', 5, 'Active'),
(90, '', 'USA', 'Modesto', 5, 'Active'),
(91, '', 'USA', 'Monterey bay', 5, 'Active'),
(92, '', 'USA', 'Orange county', 5, 'Active'),
(93, '', 'USA', 'Palm springs', 5, 'Active'),
(94, '', 'USA', 'Redding', 5, 'Active'),
(95, '', 'USA', 'Sacramento', 5, 'Active'),
(96, '', 'USA', 'San diego', 5, 'Active'),
(97, '', 'USA', 'San francisco bay area', 5, 'Active'),
(98, '', 'USA', 'San luis obispo', 5, 'Active'),
(99, '', 'USA', 'Santa barbara', 5, 'Active'),
(100, '', 'USA', 'Santa maria', 5, 'Active'),
(101, '', 'USA', 'Siskiyou county', 5, 'Active'),
(102, '', 'USA', 'Stockton', 5, 'Active'),
(103, '', 'USA', 'Susanville', 5, 'Active'),
(104, '', 'USA', 'Ventura county', 5, 'Active'),
(105, '', 'USA', 'Visalia-tulare', 5, 'Active'),
(106, '', 'USA', 'Yuba-sutter', 5, 'Active'),
(107, '', 'USA', 'Boulder', 6, 'Active'),
(108, '', 'USA', 'Colorado springs', 6, 'Active'),
(109, '', 'USA', 'Denver', 6, 'Active'),
(110, '', 'USA', 'Eastern CO', 6, 'Active'),
(111, '', 'USA', 'Fort collins / north CO', 6, 'Active'),
(112, '', 'USA', 'High rockies', 6, 'Active'),
(113, '', 'USA', 'Pueblo', 6, 'Active'),
(114, '', 'USA', 'Western slope', 6, 'Active'),
(115, '', 'USA', 'Eastern CT', 7, 'Active'),
(116, '', 'USA', 'Hartford', 7, 'Active'),
(117, '', 'USA', 'New haven', 7, 'Active'),
(118, '', 'USA', 'Northwest CT', 7, 'Active'),
(119, '', 'USA', 'Delaware', 8, 'Active'),
(120, '', 'USA', 'Washington', 9, 'Active'),
(121, '', 'USA', 'Daytona beach', 10, 'Active'),
(122, '', 'USA', 'Florida keys', 10, 'Active'),
(123, '', 'USA', 'Fort lauderdale', 10, 'Active'),
(124, '', 'USA', 'Ft myers / SW florida', 10, 'Active'),
(125, '', 'USA', 'Gainesville', 10, 'Active'),
(126, '', 'USA', 'Heartland florida', 10, 'Active'),
(127, '', 'USA', 'Jacksonville', 10, 'Active'),
(128, '', 'USA', 'Lakeland', 10, 'Active'),
(129, '', 'USA', 'North central FL', 10, 'Active'),
(130, '', 'USA', 'Ocala', 10, 'Active'),
(131, '', 'USA', 'Okaloosa / walton', 10, 'Active'),
(132, '', 'USA', 'Orlando', 10, 'Active'),
(133, '', 'USA', 'Panama city', 10, 'Active'),
(134, '', 'USA', 'Pensacola', 10, 'Active'),
(135, '', 'USA', 'Sarasota-bradenton', 10, 'Active'),
(136, '', 'USA', 'South florida', 10, 'Active'),
(137, '', 'USA', 'Space coast', 10, 'Active'),
(138, '', 'USA', 'St augustine', 10, 'Active'),
(139, '', 'USA', 'Tallahassee', 10, 'Active'),
(140, '', 'USA', 'Tampa bay area', 10, 'Active'),
(141, '', 'USA', 'Treasure coast', 10, 'Active'),
(142, '', 'USA', 'West palm beach', 10, 'Active'),
(143, '', 'USA', 'Albany ', 11, 'Active'),
(144, '', 'USA', 'Athens', 11, 'Active'),
(145, '', 'USA', 'Atlanta', 11, 'Active'),
(146, '', 'USA', 'Augusta', 11, 'Active'),
(147, '', 'USA', 'Brunswick', 11, 'Active'),
(148, '', 'USA', 'Columbus ', 11, 'Active'),
(149, '', 'USA', 'Macon / warner robins', 11, 'Active'),
(150, '', 'USA', 'Northwest GA', 11, 'Active'),
(151, '', 'USA', 'Savannah / hinesville', 11, 'Active'),
(152, '', 'USA', 'Statesboro', 11, 'Active'),
(153, '', 'USA', 'Valdosta', 11, 'Active'),
(154, '', 'USA', 'Hawaii', 12, 'Active'),
(155, '', 'USA', 'Boise', 13, 'Active'),
(156, '', 'USA', 'East idaho', 13, 'Active'),
(157, '', 'USA', 'Lewiston / clarkston', 13, 'Active'),
(158, '', 'USA', 'Twin falls', 13, 'Active'),
(159, '', 'USA', 'Bloomington-normal', 14, 'Active'),
(160, '', 'USA', 'Champaign urbana', 14, 'Active'),
(161, '', 'USA', 'Chicago', 14, 'Active'),
(162, '', 'USA', 'Decatur', 14, 'Active'),
(163, '', 'USA', 'La salle co', 14, 'Active'),
(164, '', 'USA', 'Mattoon-charleston', 14, 'Active'),
(165, '', 'USA', 'Peoria', 14, 'Active'),
(166, '', 'USA', 'Rockford', 14, 'Active'),
(167, '', 'USA', 'Southern illinois', 14, 'Active'),
(168, '', 'USA', 'Springfield ', 14, 'Active'),
(169, '', 'USA', 'Western IL', 14, 'Active'),
(170, '', 'USA', 'Bloomington', 15, 'Active'),
(171, '', 'USA', 'Evansville', 15, 'Active'),
(172, '', 'USA', 'Fort wayne', 15, 'Active'),
(173, '', 'USA', 'Indianapolis', 15, 'Active'),
(174, '', 'USA', 'Kokomo', 15, 'Active'),
(175, '', 'USA', 'Lafayette / west lafayette', 15, 'Active'),
(176, '', 'USA', 'Muncie / anderson', 15, 'Active'),
(177, '', 'USA', 'Richmond ', 15, 'Active'),
(178, '', 'USA', 'South bend / michiana', 15, 'Active'),
(179, '', 'USA', 'Terre haute', 15, 'Active'),
(180, '', 'USA', 'Ames', 16, 'Active'),
(181, '', 'USA', 'Cedar rapids', 16, 'Active'),
(182, '', 'USA', 'Des moines', 16, 'Active'),
(183, '', 'USA', 'Dubuque', 16, 'Active'),
(184, '', 'USA', 'Fort dodge', 16, 'Active'),
(185, '', 'USA', 'Iowa city', 16, 'Active'),
(186, '', 'USA', 'Mason city', 16, 'Active'),
(187, '', 'USA', 'Quad cities', 16, 'Active'),
(188, '', 'USA', 'Sioux city', 16, 'Active'),
(189, '', 'USA', 'Southeast IA', 16, 'Active'),
(190, '', 'USA', 'Waterloo / cedar falls', 16, 'Active'),
(191, '', 'USA', 'Lawrence', 17, 'Active'),
(192, '', 'USA', 'Manhattan', 17, 'Active'),
(193, '', 'USA', 'Northwest KS', 17, 'Active'),
(194, '', 'USA', 'Salina', 17, 'Active'),
(195, '', 'USA', 'Southeast KS', 17, 'Active'),
(196, '', 'USA', 'Southwest KS', 17, 'Active'),
(197, '', 'USA', 'Topeka', 17, 'Active'),
(198, '', 'USA', 'Wichita', 17, 'Active'),
(199, '', 'USA', 'Bowling green', 18, 'Active'),
(200, '', 'USA', 'Eastern kentucky', 18, 'Active'),
(201, '', 'USA', 'Lexington', 18, 'Active'),
(202, '', 'USA', 'Louisville', 18, 'Active'),
(203, '', 'USA', 'Owensboro', 18, 'Active'),
(204, '', 'USA', 'Western KY', 18, 'Active'),
(205, '', 'USA', 'Baton rouge', 19, 'Active'),
(206, '', 'USA', 'Central louisiana', 19, 'Active'),
(207, '', 'USA', 'Houma', 19, 'Active'),
(208, '', 'USA', 'Lafayette', 19, 'Active'),
(209, '', 'USA', 'Lake charles', 19, 'Active'),
(210, '', 'USA', 'Monroe', 19, 'Active'),
(211, '', 'USA', 'New orleans', 19, 'Active'),
(212, '', 'USA', 'Shreveport', 19, 'Active'),
(213, '', 'USA', 'Maine', 20, 'Active'),
(214, '', 'USA', 'Annapolis', 21, 'Active'),
(215, '', 'USA', 'Baltimore', 21, 'Active'),
(216, '', 'USA', 'Eastern shore', 21, 'Active'),
(217, '', 'USA', 'Frederick', 21, 'Active'),
(218, '', 'USA', 'Southern maryland', 21, 'Active'),
(219, '', 'USA', 'Western maryland', 21, 'Active'),
(220, '', 'USA', 'Boston', 21, 'Active'),
(221, '', 'USA', 'Cape cod / islands', 21, 'Active'),
(222, '', 'USA', 'South coast', 21, 'Active'),
(223, '', 'USA', 'Western massachusetts', 21, 'Active'),
(224, '', 'USA', 'Worcester / central MA', 21, 'Active'),
(225, '', 'USA', 'Boston', 22, 'Active'),
(226, '', 'USA', 'Cape cod / islands', 22, 'Active'),
(227, '', 'USA', 'South coast', 22, 'Active'),
(228, '', 'USA', 'Western massachusetts', 22, 'Active'),
(229, '', 'USA', 'Worcester / central MA', 22, 'Active'),
(230, '', 'USA', 'Ann arbor', 23, 'Active'),
(231, '', 'USA', 'Battle creek', 23, 'Active'),
(232, '', 'USA', 'Central michigan', 23, 'Active'),
(233, '', 'USA', 'Detroit metro', 23, 'Active'),
(234, '', 'USA', 'Flint', 23, 'Active'),
(235, '', 'USA', 'Grand rapids', 23, 'Active'),
(236, '', 'USA', 'Holland', 23, 'Active'),
(237, '', 'USA', 'Jackson ', 23, 'Active'),
(238, '', 'USA', 'Kalamazoo', 23, 'Active'),
(239, '', 'USA', 'Lansing', 23, 'Active'),
(240, '', 'USA', 'Monroe ', 23, 'Active'),
(241, '', 'USA', 'Muskegon', 23, 'Active'),
(242, '', 'USA', 'Northern michigan', 23, 'Active'),
(243, '', 'USA', 'Port huron', 23, 'Active'),
(244, '', 'USA', 'Saginaw-midland-baycity', 23, 'Active'),
(245, '', 'USA', 'Southwest michigan', 23, 'Active'),
(246, '', 'USA', 'The thumb', 23, 'Active'),
(247, '', 'USA', 'Upper peninsula', 23, 'Active'),
(248, '', 'USA', 'Bemidji', 24, 'Active'),
(249, '', 'USA', 'Brainerd', 24, 'Active'),
(250, '', 'USA', 'Duluth / superior', 24, 'Active'),
(251, '', 'USA', 'Mankato', 24, 'Active'),
(252, '', 'USA', 'Minneapolis / st paul', 24, 'Active'),
(253, '', 'USA', 'Rochester ', 24, 'Active'),
(254, '', 'USA', 'Southwest MN', 24, 'Active'),
(255, '', 'USA', 'St cloud', 24, 'Active'),
(256, '', 'USA', 'Gulfport / biloxi', 25, 'Active'),
(257, '', 'USA', 'Hattiesburg', 25, 'Active'),
(258, '', 'USA', 'Jackson', 25, 'Active'),
(259, '', 'USA', 'Meridian', 25, 'Active'),
(260, '', 'USA', 'North mississippi', 25, 'Active'),
(261, '', 'USA', 'Southwest MS', 25, 'Active'),
(262, '', 'USA', 'Columbia / jeff city', 26, 'Active'),
(263, '', 'USA', 'Joplin', 26, 'Active'),
(264, '', 'USA', 'Kansas city', 26, 'Active'),
(265, '', 'USA', 'Kirksville', 26, 'Active'),
(266, '', 'USA', 'Lake of the ozarks', 26, 'Active'),
(267, '', 'USA', 'Southeast missouri', 26, 'Active'),
(268, '', 'USA', 'Springfield', 26, 'Active'),
(269, '', 'USA', 'St joseph', 26, 'Active'),
(270, '', 'USA', 'St louis', 26, 'Active'),
(281, '', 'USA', 'Billings', 27, 'Active'),
(282, '', 'USA', 'Bozeman', 27, 'Active'),
(283, '', 'USA', 'Butte', 27, 'Active'),
(284, '', 'USA', 'Great falls', 27, 'Active'),
(285, '', 'USA', 'Helena', 27, 'Active'),
(286, '', 'USA', 'Kalispell', 27, 'Active'),
(287, '', 'USA', 'Missoula', 27, 'Active'),
(288, '', 'USA', 'Montana (old)', 27, 'Active'),
(289, '', 'USA', 'Grand island', 28, 'Active'),
(290, '', 'USA', 'Lincoln', 28, 'Active'),
(291, '', 'USA', 'North platte', 28, 'Active'),
(292, '', 'USA', 'Omaha / council bluffs', 28, 'Active'),
(293, '', 'USA', 'Scottsbluff / panhandle', 28, 'Active'),
(294, '', 'USA', 'Elko', 29, 'Active'),
(295, '', 'USA', 'Las vegas', 29, 'Active'),
(296, '', 'USA', 'Reno / tahoe', 29, 'Active'),
(297, '', 'USA', 'New Hampshire', 30, 'Active'),
(298, '', 'USA', 'Central NJ', 31, 'Active'),
(299, '', 'USA', 'Jersey shore', 31, 'Active'),
(300, '', 'USA', 'North jersey', 31, 'Active'),
(301, '', 'USA', 'South jersey', 31, 'Active'),
(303, '', 'USA', 'Albuquerque', 32, 'Active'),
(304, '', 'USA', 'Clovis / portales', 32, 'Active'),
(305, '', 'USA', 'Farmington', 32, 'Active'),
(306, '', 'USA', 'Las cruces', 32, 'Active'),
(307, '', 'USA', 'Roswell / carlsbad', 32, 'Active'),
(308, '', 'USA', 'Santa fe / taos', 32, 'Active'),
(309, '', 'USA', 'Albany', 33, 'Active'),
(310, '', 'USA', 'Binghamton', 33, 'Active'),
(311, '', 'USA', 'Buffalo', 33, 'Active'),
(312, '', 'USA', 'Catskills', 33, 'Active'),
(313, '', 'USA', 'Chautauqua', 33, 'Active'),
(314, '', 'USA', 'Elmira-corning', 33, 'Active'),
(315, '', 'USA', 'Finger lakes', 33, 'Active'),
(316, '', 'USA', 'Glens falls', 33, 'Active'),
(317, '', 'USA', 'Hudson valley', 33, 'Active'),
(318, '', 'USA', 'Ithaca', 33, 'Active'),
(319, '', 'USA', 'Long island', 33, 'Active'),
(320, '', 'USA', 'New york city', 33, 'Active'),
(321, '', 'USA', 'Oneonta', 33, 'Active'),
(322, '', 'USA', 'Plattsburgh-adirondacks', 33, 'Active'),
(323, '', 'USA', 'Potsdam-canton-massena', 33, 'Active'),
(324, '', 'USA', 'Rochester', 33, 'Active'),
(325, '', 'USA', 'Syracuse', 33, 'Active'),
(326, '', 'USA', 'Twin tiers NY/PA', 33, 'Active'),
(327, '', 'USA', 'Utica-rome-oneida', 33, 'Active'),
(328, '', 'USA', 'Watertown', 33, 'Active'),
(329, '', 'USA', 'Asheville', 34, 'Active'),
(330, '', 'USA', 'Boone', 34, 'Active'),
(331, '', 'USA', 'Charlotte', 34, 'Active'),
(332, '', 'USA', 'Eastern NC', 34, 'Active'),
(333, '', 'USA', 'Fayetteville', 34, 'Active'),
(334, '', 'USA', 'Greensboro', 34, 'Active'),
(335, '', 'USA', 'Hickory / lenoir', 34, 'Active'),
(336, '', 'USA', 'Jacksonville ', 34, 'Active'),
(337, '', 'USA', 'Outer banks', 34, 'Active'),
(338, '', 'USA', 'Raleigh / durham / CH', 34, 'Active'),
(339, '', 'USA', 'Wilmington', 34, 'Active'),
(340, '', 'USA', 'Winston-salem', 34, 'Active'),
(341, '', 'USA', 'Bismarck', 35, 'Active'),
(342, '', 'USA', 'Fargo / moorhead', 35, 'Active'),
(343, '', 'USA', 'Grand forks', 35, 'Active'),
(344, '', 'USA', 'North dakota', 35, 'Active'),
(345, '', 'USA', 'Akron / canton', 36, 'Active'),
(346, '', 'USA', 'Ashtabula', 36, 'Active'),
(347, '', 'USA', 'Athens ', 36, 'Active'),
(348, '', 'USA', 'Chillicothe', 36, 'Active'),
(349, '', 'USA', 'Cincinnati', 36, 'Active'),
(350, '', 'USA', 'Cleveland', 36, 'Active'),
(351, '', 'USA', 'Columbus', 36, 'Active'),
(352, '', 'USA', 'Dayton / springfield', 36, 'Active'),
(353, '', 'USA', 'Lima / findlay', 36, 'Active'),
(354, '', 'USA', 'Mansfield', 36, 'Active'),
(355, '', 'USA', 'Sandusky', 36, 'Active'),
(356, '', 'USA', 'Toledo', 36, 'Active'),
(357, '', 'USA', 'Tuscarawas co', 36, 'Active'),
(358, '', 'USA', 'Youngstown', 36, 'Active'),
(359, '', 'USA', 'Zanesville / cambridge', 36, 'Active'),
(360, '', 'USA', 'Lawton', 37, 'Active'),
(361, '', 'USA', 'Northwest OK', 37, 'Active'),
(362, '', 'USA', 'Oklahoma city', 37, 'Active'),
(363, '', 'USA', 'Stillwater', 37, 'Active'),
(364, '', 'USA', 'Tulsa', 37, 'Active'),
(365, '', 'USA', 'Bend', 38, 'Active'),
(366, '', 'USA', 'Corvallis/albany', 38, 'Active'),
(367, '', 'USA', 'East oregon', 38, 'Active'),
(368, '', 'USA', 'Eugene', 38, 'Active'),
(369, '', 'USA', 'Klamath falls', 38, 'Active'),
(370, '', 'USA', 'Medford-ashland', 38, 'Active'),
(371, '', 'USA', 'Oregon coast', 38, 'Active'),
(372, '', 'USA', 'Portland', 38, 'Active'),
(373, '', 'USA', 'Roseburg', 38, 'Active'),
(374, '', 'USA', 'Salem', 38, 'Active'),
(375, '', 'USA', 'Altoona-johnstown', 39, 'Active'),
(376, '', 'USA', 'Cumberland valley', 39, 'Active'),
(377, '', 'USA', 'Erie', 39, 'Active'),
(378, '', 'USA', 'Harrisburg', 39, 'Active'),
(379, '', 'USA', 'Lancaster', 39, 'Active'),
(380, '', 'USA', 'Lehigh valley', 39, 'Active'),
(381, '', 'USA', 'Meadville', 39, 'Active'),
(382, '', 'USA', 'Philadelphia', 39, 'Active'),
(383, '', 'USA', 'Pittsburgh', 39, 'Active'),
(384, '', 'USA', 'Poconos', 39, 'Active'),
(385, '', 'USA', 'Reading', 39, 'Active'),
(386, '', 'USA', 'Scranton / wilkes-barre', 39, 'Active'),
(387, '', 'USA', 'State college', 39, 'Active'),
(388, '', 'USA', 'Williamsport', 39, 'Active'),
(389, '', 'USA', 'York', 39, 'Active'),
(390, '', 'USA', 'Rhode Island', 40, 'Active'),
(391, '', 'USA', 'Charleston', 41, 'Active'),
(392, '', 'USA', 'Columbia', 41, 'Active'),
(393, '', 'USA', 'Florence', 41, 'Active'),
(394, '', 'USA', 'Greenville / upstate', 41, 'Active'),
(395, '', 'USA', 'Hilton head', 41, 'Active'),
(396, '', '', 'Myrtle beach', 41, 'Active'),
(397, '', 'USA', '42', 42, 'Active'),
(398, '', 'USA', 'Northeast SD', 42, 'Active'),
(399, '', 'USA', 'Pierre / central SD', 42, 'Active'),
(400, '', 'USA', 'Rapid city / west SD', 42, 'Active'),
(401, '', 'USA', 'Sioux falls / SE SD', 42, 'Active'),
(402, '', 'USA', 'South dakota', 42, 'Active'),
(404, '', 'USA', 'Chattanooga', 43, 'Active'),
(405, '', 'USA', 'Clarksville', 43, 'Active'),
(406, '', 'USA', 'Cookeville', 43, 'Active'),
(407, '', 'USA', 'Jackson ', 43, 'Active'),
(408, '', 'USA', 'Knoxville', 43, 'Active'),
(409, '', 'USA', 'Memphis', 43, 'Active'),
(410, '', 'USA', 'Nashville', 43, 'Active'),
(411, '', 'USA', 'Tri-cities', 43, 'Active'),
(413, '', 'USA', 'Abilene', 44, 'Active'),
(414, '', 'USA', 'Amarillo', 44, 'Active'),
(415, '', 'USA', 'Austin', 44, 'Active'),
(416, '', 'USA', 'Beaumont / port arthur', 44, 'Active'),
(417, '', 'USA', 'Brownsville', 44, 'Active'),
(418, '', 'USA', 'College station', 44, 'Active'),
(419, '', 'USA', 'Corpus christi', 44, 'Active'),
(420, '', 'USA', 'Dallas / fort worth', 44, 'Active'),
(421, '', 'USA', 'Deep east texas', 44, 'Active'),
(422, '', 'USA', 'Del rio / eagle pass', 44, 'Active'),
(423, '', 'USA', 'El paso', 44, 'Active'),
(424, '', 'USA', 'Galveston', 44, 'Active'),
(425, '', 'USA', 'Houston', 44, 'Active'),
(426, '', 'USA', 'Killeen / temple / ft hood', 44, 'Active'),
(427, '', 'USA', 'Laredo', 44, 'Active'),
(428, '', 'USA', 'Lubbock', 44, 'Active'),
(429, '', 'USA', 'Mcallen / edinburg', 44, 'Active'),
(430, '', 'USA', 'Odessa / midland', 44, 'Active'),
(431, '', 'USA', 'San angelo', 44, 'Active'),
(432, '', 'USA', 'San antonio', 44, 'Active'),
(433, '', 'USA', 'San marcos', 44, 'Active'),
(434, '', 'USA', 'Southwest TX', 44, 'Active'),
(435, '', 'USA', 'Texoma', 44, 'Active'),
(436, '', 'USA', 'Tyler / east TX', 44, 'Active'),
(437, '', 'USA', 'Victoria ', 44, 'Active'),
(438, '', 'USA', 'Waco', 44, 'Active'),
(439, '', 'USA', 'Wichita falls', 44, 'Active'),
(441, '', 'USA', 'Logan', 45, 'Active'),
(442, '', 'USA', 'Ogden-clearfield', 45, 'Active'),
(443, '', 'USA', 'Provo / orem', 45, 'Active'),
(444, '', 'USA', 'Salt lake city', 45, 'Active'),
(445, '', 'USA', 'St george', 45, 'Active'),
(446, '', 'USA', '46', 46, 'Active'),
(447, '', 'USA', 'Vermont', 46, 'Active'),
(449, '', 'USA', 'Danville', 47, 'Active'),
(450, '', 'USA', 'Fredericksburg', 47, 'Active'),
(451, '', 'USA', 'Hampton roads', 47, 'Active'),
(452, '', 'USA', 'Harrisonburg', 47, 'Active'),
(453, '', 'USA', 'Lynchburg', 47, 'Active'),
(454, '', 'USA', 'New river valley', 47, 'Active'),
(455, '', 'USA', 'Richmond', 47, 'Active'),
(456, '', 'USA', 'Roanoke', 47, 'Active'),
(457, '', 'USA', 'Southwest VA', 47, 'Active'),
(458, '', 'USA', 'Winchester', 47, 'Active'),
(460, '', 'USA', 'Bellingham', 48, 'Active'),
(461, '', 'USA', 'Kennewick-pasco-richland', 48, 'Active'),
(462, '', 'USA', 'Moses lake', 48, 'Active'),
(463, '', 'USA', 'Olympic peninsula', 48, 'Active'),
(464, '', 'USA', 'Pullman / moscow', 48, 'Active'),
(465, '', 'USA', 'Seattle-tacoma', 48, 'Active'),
(466, '', 'USA', 'Skagit / island / SJI', 48, 'Active'),
(467, '', 'USA', 'Spokane / coeur d''alene', 48, 'Active'),
(468, '', 'USA', 'Wenatchee', 48, 'Active'),
(469, '', 'USA', 'Yakima', 48, 'Active'),
(471, '', 'USA', 'Charleston ', 49, 'Active'),
(472, '', 'USA', 'Eastern panhandle', 49, 'Active'),
(473, '', 'USA', 'Huntington-ashland', 49, 'Active'),
(474, '', 'USA', 'Morgantown', 49, 'Active'),
(475, '', 'USA', 'Northern panhandle', 49, 'Active'),
(476, '', 'USA', 'Parkersburg-marietta', 49, 'Active'),
(477, '', 'USA', 'Southern WV', 49, 'Active'),
(478, '', 'USA', 'West virginia (old)', 49, 'Active'),
(480, '', 'USA', 'Appleton-oshkosh-FDL', 50, 'Active'),
(481, '', 'USA', 'Eau claire', 50, 'Active'),
(482, '', 'USA', 'Green bay', 50, 'Active'),
(483, '', 'USA', 'Janesville', 50, 'Active'),
(484, '', 'USA', 'Kenosha-racine', 50, 'Active'),
(485, '', 'USA', 'La crosse', 50, 'Active'),
(486, '', 'USA', 'Madison', 50, 'Active'),
(487, '', 'USA', 'Milwaukee', 50, 'Active'),
(488, '', 'USA', 'Northern WI', 50, 'Active'),
(489, '', 'USA', 'Sheboygan', 50, 'Active'),
(490, '', 'USA', 'Wausau', 50, 'Active'),
(492, '', 'USA', 'Wyoming', 51, 'Active'),
(494, '', 'USA', 'Guam-micronesia', 52, 'Active'),
(495, '', 'USA', 'Puerto rico', 52, 'Active'),
(496, '', 'USA', 'U.S. virgin islands', 52, 'Active');

-- --------------------------------------------------------

--
-- Table structure for table `business`
--

DROP TABLE IF EXISTS `business`;
CREATE TABLE IF NOT EXISTS `business` (
  `id` int(11) NOT NULL AUTO_INCREMENT,
  `businessName` varchar(200) NOT NULL,
  `createdAt` timestamp NOT NULL DEFAULT CURRENT_TIMESTAMP,
  `status` enum('1','0') NOT NULL DEFAULT '1',
  PRIMARY KEY (`id`)
) ENGINE=MyISAM  DEFAULT CHARSET=utf8 AUTO_INCREMENT=7 ;

--
-- Dumping data for table `business`
--

INSERT INTO `business` (`id`, `businessName`, `createdAt`, `status`) VALUES
(3, 'abcd', '2012-04-27 15:08:00', '1'),
(4, 'big', '2012-04-27 17:49:11', '1'),
(5, 'chap', '2012-04-27 17:49:36', '1'),
(6, 'door', '2012-04-27 17:50:14', '1');

-- --------------------------------------------------------

--
-- Table structure for table `country`
--

DROP TABLE IF EXISTS `country`;
CREATE TABLE IF NOT EXISTS `country` (
  `iso` char(2) COLLATE utf8_unicode_ci NOT NULL,
  `name` varchar(80) COLLATE utf8_unicode_ci NOT NULL,
  `printable_name` varchar(80) COLLATE utf8_unicode_ci NOT NULL,
  `iso3` char(3) COLLATE utf8_unicode_ci DEFAULT NULL,
  `numcode` smallint(6) DEFAULT NULL,
  PRIMARY KEY (`iso`)
) ENGINE=InnoDB DEFAULT CHARSET=utf8 COLLATE=utf8_unicode_ci;

--
-- Dumping data for table `country`
--

INSERT INTO `country` (`iso`, `name`, `printable_name`, `iso3`, `numcode`) VALUES
('AD', 'ANDORRA', 'Andorra', 'AND', 20),
('AE', 'UNITED ARAB EMIRATES', 'United Arab Emirates', 'ARE', 784),
('AF', 'AFGHANISTAN', 'Afghanistan', 'AFG', 4),
('AG', 'ANTIGUA AND BARBUDA', 'Antigua and Barbuda', 'ATG', 28),
('AI', 'ANGUILLA', 'Anguilla', 'AIA', 660),
('AL', 'ALBANIA', 'Albania', 'ALB', 8),
('AM', 'ARMENIA', 'Armenia', 'ARM', 51),
('AN', 'NETHERLANDS ANTILLES', 'Netherlands Antilles', 'ANT', 530),
('AO', 'ANGOLA', 'Angola', 'AGO', 24),
('AQ', 'ANTARCTICA', 'Antarctica', NULL, NULL),
('AR', 'ARGENTINA', 'Argentina', 'ARG', 32),
('AS', 'AMERICAN SAMOA', 'American Samoa', 'ASM', 16),
('AT', 'AUSTRIA', 'Austria', 'AUT', 40),
('AU', 'AUSTRALIA', 'Australia', 'AUS', 36),
('AW', 'ARUBA', 'Aruba', 'ABW', 533),
('AZ', 'AZERBAIJAN', 'Azerbaijan', 'AZE', 31),
('BA', 'BOSNIA AND HERZEGOVINA', 'Bosnia and Herzegovina', 'BIH', 70),
('BB', 'BARBADOS', 'Barbados', 'BRB', 52),
('BD', 'BANGLADESH', 'Bangladesh', 'BGD', 50),
('BE', 'BELGIUM', 'Belgium', 'BEL', 56),
('BF', 'BURKINA FASO', 'Burkina Faso', 'BFA', 854),
('BG', 'BULGARIA', 'Bulgaria', 'BGR', 100),
('BH', 'BAHRAIN', 'Bahrain', 'BHR', 48),
('BI', 'BURUNDI', 'Burundi', 'BDI', 108),
('BJ', 'BENIN', 'Benin', 'BEN', 204),
('BM', 'BERMUDA', 'Bermuda', 'BMU', 60),
('BN', 'BRUNEI DARUSSALAM', 'Brunei Darussalam', 'BRN', 96),
('BO', 'BOLIVIA', 'Bolivia', 'BOL', 68),
('BR', 'BRAZIL', 'Brazil', 'BRA', 76),
('BS', 'BAHAMAS', 'Bahamas', 'BHS', 44),
('BT', 'BHUTAN', 'Bhutan', 'BTN', 64),
('BV', 'BOUVET ISLAND', 'Bouvet Island', NULL, NULL),
('BW', 'BOTSWANA', 'Botswana', 'BWA', 72),
('BY', 'BELARUS', 'Belarus', 'BLR', 112),
('BZ', 'BELIZE', 'Belize', 'BLZ', 84),
('CA', 'CANADA', 'Canada', 'CAN', 124),
('CC', 'COCOS (KEELING) ISLANDS', 'Cocos (Keeling) Islands', NULL, NULL),
('CD', 'CONGO, THE DEMOCRATIC REPUBLIC OF THE', 'Congo, the Democratic Republic of the', 'COD', 180),
('CF', 'CENTRAL AFRICAN REPUBLIC', 'Central African Republic', 'CAF', 140),
('CG', 'CONGO', 'Congo', 'COG', 178),
('CH', 'SWITZERLAND', 'Switzerland', 'CHE', 756),
('CI', 'COTE D''IVOIRE', 'Cote D''Ivoire', 'CIV', 384),
('CK', 'COOK ISLANDS', 'Cook Islands', 'COK', 184),
('CL', 'CHILE', 'Chile', 'CHL', 152),
('CM', 'CAMEROON', 'Cameroon', 'CMR', 120),
('CN', 'CHINA', 'China', 'CHN', 156),
('CO', 'COLOMBIA', 'Colombia', 'COL', 170),
('CR', 'COSTA RICA', 'Costa Rica', 'CRI', 188),
('CS', 'SERBIA AND MONTENEGRO', 'Serbia and Montenegro', NULL, NULL),
('CU', 'CUBA', 'Cuba', 'CUB', 192),
('CV', 'CAPE VERDE', 'Cape Verde', 'CPV', 132),
('CX', 'CHRISTMAS ISLAND', 'Christmas Island', NULL, NULL),
('CY', 'CYPRUS', 'Cyprus', 'CYP', 196),
('CZ', 'CZECH REPUBLIC', 'Czech Republic', 'CZE', 203),
('DE', 'GERMANY', 'Germany', 'DEU', 276),
('DJ', 'DJIBOUTI', 'Djibouti', 'DJI', 262),
('DK', 'DENMARK', 'Denmark', 'DNK', 208),
('DM', 'DOMINICA', 'Dominica', 'DMA', 212),
('DO', 'DOMINICAN REPUBLIC', 'Dominican Republic', 'DOM', 214),
('DZ', 'ALGERIA', 'Algeria', 'DZA', 12),
('EC', 'ECUADOR', 'Ecuador', 'ECU', 218),
('EE', 'ESTONIA', 'Estonia', 'EST', 233),
('EG', 'EGYPT', 'Egypt', 'EGY', 818),
('EH', 'WESTERN SAHARA', 'Western Sahara', 'ESH', 732),
('ER', 'ERITREA', 'Eritrea', 'ERI', 232),
('ES', 'SPAIN', 'Spain', 'ESP', 724),
('ET', 'ETHIOPIA', 'Ethiopia', 'ETH', 231),
('FI', 'FINLAND', 'Finland', 'FIN', 246),
('FJ', 'FIJI', 'Fiji', 'FJI', 242),
('FK', 'FALKLAND ISLANDS (MALVINAS)', 'Falkland Islands (Malvinas)', 'FLK', 238),
('FM', 'MICRONESIA, FEDERATED STATES OF', 'Micronesia, Federated States of', 'FSM', 583),
('FO', 'FAROE ISLANDS', 'Faroe Islands', 'FRO', 234),
('FR', 'FRANCE', 'France', 'FRA', 250),
('GA', 'GABON', 'Gabon', 'GAB', 266),
('GB', 'UNITED KINGDOM', 'United Kingdom', 'GBR', 826),
('GD', 'GRENADA', 'Grenada', 'GRD', 308),
('GE', 'GEORGIA', 'Georgia', 'GEO', 268),
('GF', 'FRENCH GUIANA', 'French Guiana', 'GUF', 254),
('GH', 'GHANA', 'Ghana', 'GHA', 288),
('GI', 'GIBRALTAR', 'Gibraltar', 'GIB', 292),
('GL', 'GREENLAND', 'Greenland', 'GRL', 304),
('GM', 'GAMBIA', 'Gambia', 'GMB', 270),
('GN', 'GUINEA', 'Guinea', 'GIN', 324),
('GP', 'GUADELOUPE', 'Guadeloupe', 'GLP', 312),
('GQ', 'EQUATORIAL GUINEA', 'Equatorial Guinea', 'GNQ', 226),
('GR', 'GREECE', 'Greece', 'GRC', 300),
('GS', 'SOUTH GEORGIA AND THE SOUTH SANDWICH ISLANDS', 'South Georgia and the South Sandwich Islands', NULL, NULL),
('GT', 'GUATEMALA', 'Guatemala', 'GTM', 320),
('GU', 'GUAM', 'Guam', 'GUM', 316),
('GW', 'GUINEA-BISSAU', 'Guinea-Bissau', 'GNB', 624),
('GY', 'GUYANA', 'Guyana', 'GUY', 328),
('HK', 'HONG KONG', 'Hong Kong', 'HKG', 344),
('HM', 'HEARD ISLAND AND MCDONALD ISLANDS', 'Heard Island and Mcdonald Islands', NULL, NULL),
('HN', 'HONDURAS', 'Honduras', 'HND', 340),
('HR', 'CROATIA', 'Croatia', 'HRV', 191),
('HT', 'HAITI', 'Haiti', 'HTI', 332),
('HU', 'HUNGARY', 'Hungary', 'HUN', 348),
('ID', 'INDONESIA', 'Indonesia', 'IDN', 360),
('IE', 'IRELAND', 'Ireland', 'IRL', 372),
('IL', 'ISRAEL', 'Israel', 'ISR', 376),
('IN', 'INDIA', 'India', 'IND', 356),
('IO', 'BRITISH INDIAN OCEAN TERRITORY', 'British Indian Ocean Territory', NULL, NULL),
('IQ', 'IRAQ', 'Iraq', 'IRQ', 368),
('IR', 'IRAN, ISLAMIC REPUBLIC OF', 'Iran, Islamic Republic of', 'IRN', 364),
('IS', 'ICELAND', 'Iceland', 'ISL', 352),
('IT', 'ITALY', 'Italy', 'ITA', 380),
('JM', 'JAMAICA', 'Jamaica', 'JAM', 388),
('JO', 'JORDAN', 'Jordan', 'JOR', 400),
('JP', 'JAPAN', 'Japan', 'JPN', 392),
('KE', 'KENYA', 'Kenya', 'KEN', 404),
('KG', 'KYRGYZSTAN', 'Kyrgyzstan', 'KGZ', 417),
('KH', 'CAMBODIA', 'Cambodia', 'KHM', 116),
('KI', 'KIRIBATI', 'Kiribati', 'KIR', 296),
('KM', 'COMOROS', 'Comoros', 'COM', 174),
('KN', 'SAINT KITTS AND NEVIS', 'Saint Kitts and Nevis', 'KNA', 659),
('KP', 'KOREA, DEMOCRATIC PEOPLE''S REPUBLIC OF', 'Korea, Democratic People''s Republic of', 'PRK', 408),
('KR', 'KOREA, REPUBLIC OF', 'Korea, Republic of', 'KOR', 410),
('KW', 'KUWAIT', 'Kuwait', 'KWT', 414),
('KY', 'CAYMAN ISLANDS', 'Cayman Islands', 'CYM', 136),
('KZ', 'KAZAKHSTAN', 'Kazakhstan', 'KAZ', 398),
('LA', 'LAO PEOPLE''S DEMOCRATIC REPUBLIC', 'Lao People''s Democratic Republic', 'LAO', 418),
('LB', 'LEBANON', 'Lebanon', 'LBN', 422),
('LC', 'SAINT LUCIA', 'Saint Lucia', 'LCA', 662),
('LI', 'LIECHTENSTEIN', 'Liechtenstein', 'LIE', 438),
('LK', 'SRI LANKA', 'Sri Lanka', 'LKA', 144),
('LR', 'LIBERIA', 'Liberia', 'LBR', 430),
('LS', 'LESOTHO', 'Lesotho', 'LSO', 426),
('LT', 'LITHUANIA', 'Lithuania', 'LTU', 440),
('LU', 'LUXEMBOURG', 'Luxembourg', 'LUX', 442),
('LV', 'LATVIA', 'Latvia', 'LVA', 428),
('LY', 'LIBYAN ARAB JAMAHIRIYA', 'Libyan Arab Jamahiriya', 'LBY', 434),
('MA', 'MOROCCO', 'Morocco', 'MAR', 504),
('MC', 'MONACO', 'Monaco', 'MCO', 492),
('MD', 'MOLDOVA, REPUBLIC OF', 'Moldova, Republic of', 'MDA', 498),
('MG', 'MADAGASCAR', 'Madagascar', 'MDG', 450),
('MH', 'MARSHALL ISLANDS', 'Marshall Islands', 'MHL', 584),
('MK', 'MACEDONIA, THE FORMER YUGOSLAV REPUBLIC OF', 'Macedonia, the Former Yugoslav Republic of', 'MKD', 807),
('ML', 'MALI', 'Mali', 'MLI', 466),
('MM', 'MYANMAR', 'Myanmar', 'MMR', 104),
('MN', 'MONGOLIA', 'Mongolia', 'MNG', 496),
('MO', 'MACAO', 'Macao', 'MAC', 446),
('MP', 'NORTHERN MARIANA ISLANDS', 'Northern Mariana Islands', 'MNP', 580),
('MQ', 'MARTINIQUE', 'Martinique', 'MTQ', 474),
('MR', 'MAURITANIA', 'Mauritania', 'MRT', 478),
('MS', 'MONTSERRAT', 'Montserrat', 'MSR', 500),
('MT', 'MALTA', 'Malta', 'MLT', 470),
('MU', 'MAURITIUS', 'Mauritius', 'MUS', 480),
('MV', 'MALDIVES', 'Maldives', 'MDV', 462),
('MW', 'MALAWI', 'Malawi', 'MWI', 454),
('MX', 'MEXICO', 'Mexico', 'MEX', 484),
('MY', 'MALAYSIA', 'Malaysia', 'MYS', 458),
('MZ', 'MOZAMBIQUE', 'Mozambique', 'MOZ', 508),
('NA', 'NAMIBIA', 'Namibia', 'NAM', 516),
('NC', 'NEW CALEDONIA', 'New Caledonia', 'NCL', 540),
('NE', 'NIGER', 'Niger', 'NER', 562),
('NF', 'NORFOLK ISLAND', 'Norfolk Island', 'NFK', 574),
('NG', 'NIGERIA', 'Nigeria', 'NGA', 566),
('NI', 'NICARAGUA', 'Nicaragua', 'NIC', 558),
('NL', 'NETHERLANDS', 'Netherlands', 'NLD', 528),
('NO', 'NORWAY', 'Norway', 'NOR', 578),
('NP', 'NEPAL', 'Nepal', 'NPL', 524),
('NR', 'NAURU', 'Nauru', 'NRU', 520),
('NU', 'NIUE', 'Niue', 'NIU', 570),
('NZ', 'NEW ZEALAND', 'New Zealand', 'NZL', 554),
('OM', 'OMAN', 'Oman', 'OMN', 512),
('PA', 'PANAMA', 'Panama', 'PAN', 591),
('PE', 'PERU', 'Peru', 'PER', 604),
('PF', 'FRENCH POLYNESIA', 'French Polynesia', 'PYF', 258),
('PG', 'PAPUA NEW GUINEA', 'Papua New Guinea', 'PNG', 598),
('PH', 'PHILIPPINES', 'Philippines', 'PHL', 608),
('PK', 'PAKISTAN', 'Pakistan', 'PAK', 586),
('PL', 'POLAND', 'Poland', 'POL', 616),
('PM', 'SAINT PIERRE AND MIQUELON', 'Saint Pierre and Miquelon', 'SPM', 666),
('PN', 'PITCAIRN', 'Pitcairn', 'PCN', 612),
('PR', 'PUERTO RICO', 'Puerto Rico', 'PRI', 630),
('PS', 'PALESTINIAN TERRITORY, OCCUPIED', 'Palestinian Territory, Occupied', NULL, NULL),
('PT', 'PORTUGAL', 'Portugal', 'PRT', 620),
('PW', 'PALAU', 'Palau', 'PLW', 585),
('PY', 'PARAGUAY', 'Paraguay', 'PRY', 600),
('QA', 'QATAR', 'Qatar', 'QAT', 634),
('RE', 'REUNION', 'Reunion', 'REU', 638),
('RO', 'ROMANIA', 'Romania', 'ROM', 642),
('RU', 'RUSSIAN FEDERATION', 'Russian Federation', 'RUS', 643),
('RW', 'RWANDA', 'Rwanda', 'RWA', 646),
('SA', 'SAUDI ARABIA', 'Saudi Arabia', 'SAU', 682),
('SB', 'SOLOMON ISLANDS', 'Solomon Islands', 'SLB', 90),
('SC', 'SEYCHELLES', 'Seychelles', 'SYC', 690),
('SD', 'SUDAN', 'Sudan', 'SDN', 736),
('SE', 'SWEDEN', 'Sweden', 'SWE', 752),
('SG', 'SINGAPORE', 'Singapore', 'SGP', 702),
('SH', 'SAINT HELENA', 'Saint Helena', 'SHN', 654),
('SI', 'SLOVENIA', 'Slovenia', 'SVN', 705),
('SJ', 'SVALBARD AND JAN MAYEN', 'Svalbard and Jan Mayen', 'SJM', 744),
('SK', 'SLOVAKIA', 'Slovakia', 'SVK', 703),
('SL', 'SIERRA LEONE', 'Sierra Leone', 'SLE', 694),
('SM', 'SAN MARINO', 'San Marino', 'SMR', 674),
('SN', 'SENEGAL', 'Senegal', 'SEN', 686),
('SO', 'SOMALIA', 'Somalia', 'SOM', 706),
('SR', 'SURINAME', 'Suriname', 'SUR', 740),
('ST', 'SAO TOME AND PRINCIPE', 'Sao Tome and Principe', 'STP', 678),
('SV', 'EL SALVADOR', 'El Salvador', 'SLV', 222),
('SY', 'SYRIAN ARAB REPUBLIC', 'Syrian Arab Republic', 'SYR', 760),
('SZ', 'SWAZILAND', 'Swaziland', 'SWZ', 748),
('TC', 'TURKS AND CAICOS ISLANDS', 'Turks and Caicos Islands', 'TCA', 796),
('TD', 'CHAD', 'Chad', 'TCD', 148),
('TF', 'FRENCH SOUTHERN TERRITORIES', 'French Southern Territories', NULL, NULL),
('TG', 'TOGO', 'Togo', 'TGO', 768),
('TH', 'THAILAND', 'Thailand', 'THA', 764),
('TJ', 'TAJIKISTAN', 'Tajikistan', 'TJK', 762),
('TK', 'TOKELAU', 'Tokelau', 'TKL', 772),
('TL', 'TIMOR-LESTE', 'Timor-Leste', NULL, NULL),
('TM', 'TURKMENISTAN', 'Turkmenistan', 'TKM', 795),
('TN', 'TUNISIA', 'Tunisia', 'TUN', 788),
('TO', 'TONGA', 'Tonga', 'TON', 776),
('TR', 'TURKEY', 'Turkey', 'TUR', 792),
('TT', 'TRINIDAD AND TOBAGO', 'Trinidad and Tobago', 'TTO', 780),
('TV', 'TUVALU', 'Tuvalu', 'TUV', 798),
('TW', 'TAIWAN, PROVINCE OF CHINA', 'Taiwan, Province of China', 'TWN', 158),
('TZ', 'TANZANIA, UNITED REPUBLIC OF', 'Tanzania, United Republic of', 'TZA', 834),
('UA', 'UKRAINE', 'Ukraine', 'UKR', 804),
('UG', 'UGANDA', 'Uganda', 'UGA', 800),
('UM', 'UNITED STATES MINOR OUTLYING ISLANDS', 'United States Minor Outlying Islands', NULL, NULL),
('US', 'UNITED STATES', 'United States', 'USA', 840),
('UY', 'URUGUAY', 'Uruguay', 'URY', 858),
('UZ', 'UZBEKISTAN', 'Uzbekistan', 'UZB', 860),
('VA', 'HOLY SEE (VATICAN CITY STATE)', 'Holy See (Vatican City State)', 'VAT', 336),
('VC', 'SAINT VINCENT AND THE GRENADINES', 'Saint Vincent and the Grenadines', 'VCT', 670),
('VE', 'VENEZUELA', 'Venezuela', 'VEN', 862),
('VG', 'VIRGIN ISLANDS, BRITISH', 'Virgin Islands, British', 'VGB', 92),
('VI', 'VIRGIN ISLANDS, U.S.', 'Virgin Islands, U.s.', 'VIR', 850),
('VN', 'VIET NAM', 'Viet Nam', 'VNM', 704),
('VU', 'VANUATU', 'Vanuatu', 'VUT', 548),
('WF', 'WALLIS AND FUTUNA', 'Wallis and Futuna', 'WLF', 876),
('WS', 'SAMOA', 'Samoa', 'WSM', 882),
('YE', 'YEMEN', 'Yemen', 'YEM', 887),
('YT', 'MAYOTTE', 'Mayotte', NULL, NULL),
('ZA', 'SOUTH AFRICA', 'South Africa', 'ZAF', 710),
('ZM', 'ZAMBIA', 'Zambia', 'ZMB', 894),
('ZW', 'ZIMBABWE', 'Zimbabwe', 'ZWE', 716);

-- --------------------------------------------------------

--
-- Table structure for table `customers`
--

DROP TABLE IF EXISTS `customers`;
CREATE TABLE IF NOT EXISTS `customers` (
  `id` bigint(20) NOT NULL AUTO_INCREMENT,
  `FirstName` varchar(150) CHARACTER SET utf8 DEFAULT NULL,
  `LastName` varchar(150) CHARACTER SET utf8 DEFAULT NULL,
  `Email` varchar(150) NOT NULL,
  `Password` varchar(100) NOT NULL,
  `Password_org` varchar(200) NOT NULL,
  `salt_key` varchar(200) NOT NULL,
  `BusinessName` varchar(100) CHARACTER SET utf8 DEFAULT NULL,
  `Website` varchar(255) CHARACTER SET utf8 DEFAULT NULL,
  `PhoneNo` int(11) DEFAULT NULL,
  `FaxNo` int(11) NOT NULL,
  `Address1` varchar(200) CHARACTER SET utf8 DEFAULT NULL,
  `Address2` varchar(200) CHARACTER SET utf8 DEFAULT NULL,
  `PostalCode` int(11) NOT NULL,
  `Country` varchar(100) NOT NULL,
  `State` varchar(100) NOT NULL,
  `City` varchar(100) NOT NULL,
  `CustomerFile` int(11) NOT NULL,
  `Status` enum('0','1') DEFAULT NULL,
  `DateCreated` datetime DEFAULT NULL,
  `LastUpdated` timestamp NULL DEFAULT CURRENT_TIMESTAMP ON UPDATE CURRENT_TIMESTAMP,
  PRIMARY KEY (`id`)
) ENGINE=MyISAM  DEFAULT CHARSET=latin1 AUTO_INCREMENT=58 ;

--
-- Dumping data for table `customers`
--

INSERT INTO `customers` (`id`, `FirstName`, `LastName`, `Email`, `Password`, `Password_org`, `salt_key`, `BusinessName`, `Website`, `PhoneNo`, `FaxNo`, `Address1`, `Address2`, `PostalCode`, `Country`, `State`, `City`, `CustomerFile`, `Status`, `DateCreated`, `LastUpdated`) VALUES
(53, 'tahir', 'khan', 'tahirpk@gmail.com', '8d969eef6ecad3c29a3a629280e686cf0c3f5d5a86aff3ca12020c923adc6c92', '123456', '7b03c550de856bce0003536874702e8b350e4ae3', '4', NULL, 0, 0, 'lahore', 'multan', 0, 'PK', '', '', 0, '1', NULL, '2012-05-07 14:45:10'),
(54, 'tahir', 'khan', 'tahir@hot.com', 'f04ed47a31d6174df8d71a05a9969092da295751698371b7eae6d697ce043bcf', 'idl2n8', '1e904b7b45599fbc78f77a6563805bd10bef9951', '3', NULL, 0, 0, '', '', 0, 'AD', '', '', 0, '1', NULL, '2012-05-02 17:16:56'),
(57, 'tahir', 'khan', 'tahirpak@gmail.com', '5994471abb01112afcc18159f6cc74b4f511b99806da59b3caf5a9c173cacfc5', '12345', '9752e986d0be5cd1a81fd81901c21ed680a93a57', '4', NULL, 0, 0, '', '', 0, 'AD', '', '', 0, NULL, NULL, '2012-05-05 17:18:21');

-- --------------------------------------------------------

--
-- Table structure for table `customer_websites`
--

DROP TABLE IF EXISTS `customer_websites`;
CREATE TABLE IF NOT EXISTS `customer_websites` (
  `id` int(11) NOT NULL AUTO_INCREMENT,
  `customerFid` int(11) NOT NULL,
  `webId` int(11) NOT NULL DEFAULT '1',
  PRIMARY KEY (`id`)
) ENGINE=MyISAM  DEFAULT CHARSET=utf8 AUTO_INCREMENT=102 ;

--
-- Dumping data for table `customer_websites`
--

INSERT INTO `customer_websites` (`id`, `customerFid`, `webId`) VALUES
(91, 54, 19),
(97, 55, 21),
(93, 52, 20),
(92, 52, 19),
(101, 53, 20),
(100, 53, 19),
(89, 54, 21);

-- --------------------------------------------------------

--
-- Table structure for table `iso_countries`
--

DROP TABLE IF EXISTS `iso_countries`;
CREATE TABLE IF NOT EXISTS `iso_countries` (
  `rowId` int(11) NOT NULL,
  `countryId` int(11) NOT NULL,
  `locale` varchar(10) NOT NULL DEFAULT 'en',
  `countryCode` char(2) NOT NULL,
  `countryName` varchar(200) CHARACTER SET utf8 DEFAULT NULL,
  `phonePrefix` varchar(50) DEFAULT NULL,
  PRIMARY KEY (`rowId`)
) ENGINE=MyISAM DEFAULT CHARSET=latin1;

--
-- Dumping data for table `iso_countries`
--

INSERT INTO `iso_countries` (`rowId`, `countryId`, `locale`, `countryCode`, `countryName`, `phonePrefix`) VALUES
(1, 1, 'en', 'AF', 'Afghanistan', '+93'),
(2, 2, 'en', 'AL', 'Albania', '+355'),
(3, 3, 'en', 'DZ', 'Algeria', '+213'),
(4, 4, 'en', 'AD', 'Andorra', '+376'),
(5, 5, 'en', 'AO', 'Angola', '+244'),
(6, 6, 'en', 'AG', 'Antigua and Barbuda', '+1-268'),
(7, 7, 'en', 'AR', 'Argentina', '+54'),
(8, 8, 'en', 'AM', 'Armenia', '+374'),
(9, 9, 'en', 'AU', 'Australia', '+61'),
(10, 10, 'en', 'AT', 'Austria', '+43'),
(11, 11, 'en', 'AZ', 'Azerbaijan', '+994'),
(12, 12, 'en', 'BS', 'Bahamas, The', '+1-242'),
(13, 13, 'en', 'BH', 'Bahrain', '+973'),
(14, 14, 'en', 'BD', 'Bangladesh', '+880'),
(15, 15, 'en', 'BB', 'Barbados', '+1-246'),
(16, 16, 'en', 'BY', 'Belarus', '+375'),
(17, 17, 'en', 'BE', 'Belgium', '+32'),
(18, 18, 'en', 'BZ', 'Belize', '+501'),
(19, 19, 'en', 'BJ', 'Benin', '+229'),
(20, 20, 'en', 'BT', 'Bhutan', '+975'),
(21, 21, 'en', 'BO', 'Bolivia', '+591'),
(22, 22, 'en', 'BA', 'Bosnia and Herzegovina', '+387'),
(23, 23, 'en', 'BW', 'Botswana', '+267'),
(24, 24, 'en', 'BR', 'Brazil', '+55'),
(25, 25, 'en', 'BN', 'Brunei', '+673'),
(26, 26, 'en', 'BG', 'Bulgaria', '+359'),
(27, 27, 'en', 'BF', 'Burkina Faso', '+226'),
(28, 28, 'en', 'BI', 'Burundi', '+257'),
(29, 29, 'en', 'KH', 'Cambodia', '+855'),
(30, 30, 'en', 'CM', 'Cameroon', '+237'),
(31, 31, 'en', 'CA', 'Canada', '+1'),
(32, 32, 'en', 'CV', 'Cape Verde', '+238'),
(33, 33, 'en', 'CF', 'Central African Republic', '+236'),
(34, 34, 'en', 'TD', 'Chad', '+235'),
(35, 35, 'en', 'CL', 'Chile', '+56'),
(36, 36, 'en', 'CN', 'China, People''s Republic of', '+86'),
(37, 37, 'en', 'CO', 'Colombia', '+57'),
(38, 38, 'en', 'KM', 'Comoros', '+269'),
(39, 39, 'en', 'CD', 'Congo, Democratic Republic of the (Congo ? Kinshasa)', '+243'),
(40, 40, 'en', 'CG', 'Congo, Republic of the (Congo ? Brazzaville)', '+242'),
(41, 41, 'en', 'CR', 'Costa Rica', '+506'),
(42, 42, 'en', 'CI', 'Cote d''Ivoire (Ivory Coast)', '+225'),
(43, 43, 'en', 'HR', 'Croatia', '+385'),
(44, 44, 'en', 'CU', 'Cuba', '+53'),
(45, 45, 'en', 'CY', 'Cyprus', '+357'),
(46, 46, 'en', 'CZ', 'Czech Republic', '+420'),
(47, 47, 'en', 'DK', 'Denmark', '+45'),
(48, 48, 'en', 'DJ', 'Djibouti', '+253'),
(49, 49, 'en', 'DM', 'Dominica', '+1-767'),
(50, 50, 'en', 'DO', 'Dominican Republic', '+1-809 and 1-829'),
(51, 51, 'en', 'EC', 'Ecuador', '+593'),
(52, 52, 'en', 'EG', 'Egypt', '+20'),
(53, 53, 'en', 'SV', 'El Salvador', '+503'),
(54, 54, 'en', 'GQ', 'Equatorial Guinea', '+240'),
(55, 55, 'en', 'ER', 'Eritrea', '+291'),
(56, 56, 'en', 'EE', 'Estonia', '+372'),
(57, 57, 'en', 'ET', 'Ethiopia', '+251'),
(58, 58, 'en', 'FJ', 'Fiji', '+679'),
(59, 59, 'en', 'FI', 'Finland', '+358'),
(60, 60, 'en', 'FR', 'France', '+33'),
(61, 61, 'en', 'GA', 'Gabon', '+241'),
(62, 62, 'en', 'GM', 'Gambia, The', '+220'),
(63, 63, 'en', 'GE', 'Georgia', '+995'),
(64, 64, 'en', 'DE', 'Germany', '+49'),
(65, 65, 'en', 'GH', 'Ghana', '+233'),
(66, 66, 'en', 'GR', 'Greece', '+30'),
(67, 67, 'en', 'GD', 'Grenada', '+1-473'),
(68, 68, 'en', 'GT', 'Guatemala', '+502'),
(69, 69, 'en', 'GN', 'Guinea', '+224'),
(70, 70, 'en', 'GW', 'Guinea-Bissau', '+245'),
(71, 71, 'en', 'GY', 'Guyana', '+592'),
(72, 72, 'en', 'HT', 'Haiti', '+509'),
(73, 73, 'en', 'HN', 'Honduras', '+504'),
(74, 74, 'en', 'HU', 'Hungary', '+36'),
(75, 75, 'en', 'IS', 'Iceland', '+354'),
(76, 76, 'en', 'IN', 'India', '+91'),
(77, 77, 'en', 'ID', 'Indonesia', '+62'),
(78, 78, 'en', 'IR', 'Iran', '+98'),
(79, 79, 'en', 'IQ', 'Iraq', '+964'),
(80, 80, 'en', 'IE', 'Ireland', '+353'),
(81, 81, 'en', 'IL', 'Israel', '+972'),
(82, 82, 'en', 'IT', 'Italy', '+39'),
(83, 83, 'en', 'JM', 'Jamaica', '+1-876'),
(84, 84, 'en', 'JP', 'Japan', '+81'),
(85, 85, 'en', 'JO', 'Jordan', '+962'),
(86, 86, 'en', 'KZ', 'Kazakhstan', '+7'),
(87, 87, 'en', 'KE', 'Kenya', '+254'),
(88, 88, 'en', 'KI', 'Kiribati', '+686'),
(89, 89, 'en', 'KP', 'Korea, Democratic People''s Republic of (North Korea)', '+850'),
(90, 90, 'en', 'KR', 'Korea, Republic of  (South Korea)', '+82'),
(91, 91, 'en', 'KW', 'Kuwait', '+965'),
(92, 92, 'en', 'KG', 'Kyrgyzstan', '+996'),
(93, 93, 'en', 'LA', 'Laos', '+856'),
(94, 94, 'en', 'LV', 'Latvia', '+371'),
(95, 95, 'en', 'LB', 'Lebanon', '+961'),
(96, 96, 'en', 'LS', 'Lesotho', '+266'),
(97, 97, 'en', 'LR', 'Liberia', '+231'),
(98, 98, 'en', 'LY', 'Libya', '+218'),
(99, 99, 'en', 'LI', 'Liechtenstein', '+423'),
(100, 100, 'en', 'LT', 'Lithuania', '+370'),
(101, 101, 'en', 'LU', 'Luxembourg', '+352'),
(102, 102, 'en', 'MK', 'Macedonia', '+389'),
(103, 103, 'en', 'MG', 'Madagascar', '+261'),
(104, 104, 'en', 'MW', 'Malawi', '+265'),
(105, 105, 'en', 'MY', 'Malaysia', '+60'),
(106, 106, 'en', 'MV', 'Maldives', '+960'),
(107, 107, 'en', 'ML', 'Mali', '+223'),
(108, 108, 'en', 'MT', 'Malta', '+356'),
(109, 109, 'en', 'MH', 'Marshall Islands', '+692'),
(110, 110, 'en', 'MR', 'Mauritania', '+222'),
(111, 111, 'en', 'MU', 'Mauritius', '+230'),
(112, 112, 'en', 'MX', 'Mexico', '+52'),
(113, 113, 'en', 'FM', 'Micronesia', '+691'),
(114, 114, 'en', 'MD', 'Moldova', '+373'),
(115, 115, 'en', 'MC', 'Monaco', '+377'),
(116, 116, 'en', 'MN', 'Mongolia', '+976'),
(117, 117, 'en', 'ME', 'Montenegro', '+382'),
(118, 118, 'en', 'MA', 'Morocco', '+212'),
(119, 119, 'en', 'MZ', 'Mozambique', '+258'),
(120, 120, 'en', 'MM', 'Myanmar (Burma)', '+95'),
(121, 121, 'en', 'NA', 'Namibia', '+264'),
(122, 122, 'en', 'NR', 'Nauru', '+674'),
(123, 123, 'en', 'NP', 'Nepal', '+977'),
(124, 124, 'en', 'NL', 'Netherlands', '+31'),
(125, 125, 'en', 'NZ', 'New Zealand', '+64'),
(126, 126, 'en', 'NI', 'Nicaragua', '+505'),
(127, 127, 'en', 'NE', 'Niger', '+227'),
(128, 128, 'en', 'NG', 'Nigeria', '+234'),
(129, 129, 'en', 'NO', 'Norway', '+47'),
(130, 130, 'en', 'OM', 'Oman', '+968'),
(131, 131, 'en', 'PK', 'Pakistan', '+92'),
(132, 132, 'en', 'PW', 'Palau', '+680'),
(133, 133, 'en', 'PA', 'Panama', '+507'),
(134, 134, 'en', 'PG', 'Papua New Guinea', '+675'),
(135, 135, 'en', 'PY', 'Paraguay', '+595'),
(136, 136, 'en', 'PE', 'Peru', '+51'),
(137, 137, 'en', 'PH', 'Philippines', '+63'),
(138, 138, 'en', 'PL', 'Poland', '+48'),
(139, 139, 'en', 'PT', 'Portugal', '+351'),
(140, 140, 'en', 'QA', 'Qatar', '+974'),
(141, 141, 'en', 'RO', 'Romania', '+40'),
(142, 142, 'en', 'RU', 'Russia', '+7'),
(143, 143, 'en', 'RW', 'Rwanda', '+250'),
(144, 144, 'en', 'KN', 'Saint Kitts and Nevis', '+1-869'),
(145, 145, 'en', 'LC', 'Saint Lucia', '+1-758'),
(146, 146, 'en', 'VC', 'Saint Vincent and the Grenadines', '+1-784'),
(147, 147, 'en', 'WS', 'Samoa', '+685'),
(148, 148, 'en', 'SM', 'San Marino', '+378'),
(149, 149, 'en', 'ST', 'Sao Tome and Principe', '+239'),
(150, 150, 'en', 'SA', 'Saudi Arabia', '+966'),
(151, 151, 'en', 'SN', 'Senegal', '+221'),
(152, 152, 'en', 'RS', 'Serbia', '+381'),
(153, 153, 'en', 'SC', 'Seychelles', '+248'),
(154, 154, 'en', 'SL', 'Sierra Leone', '+232'),
(155, 155, 'en', 'SG', 'Singapore', '+65'),
(156, 156, 'en', 'SK', 'Slovakia', '+421'),
(157, 157, 'en', 'SI', 'Slovenia', '+386'),
(158, 158, 'en', 'SB', 'Solomon Islands', '+677'),
(159, 159, 'en', 'SO', 'Somalia', '+252'),
(160, 160, 'en', 'ZA', 'South Africa', '+27'),
(161, 161, 'en', 'ES', 'Spain', '+34'),
(162, 162, 'en', 'LK', 'Sri Lanka', '+94'),
(163, 163, 'en', 'SD', 'Sudan', '+249'),
(164, 164, 'en', 'SR', 'Suriname', '+597'),
(165, 165, 'en', 'SZ', 'Swaziland', '+268'),
(166, 166, 'en', 'SE', 'Sweden', '+46'),
(167, 167, 'en', 'CH', 'Switzerland', '+41'),
(168, 168, 'en', 'SY', 'Syria', '+963'),
(169, 169, 'en', 'TJ', 'Tajikistan', '+992'),
(170, 170, 'en', 'TZ', 'Tanzania', '+255'),
(171, 171, 'en', 'TH', 'Thailand', '+66'),
(172, 172, 'en', 'TL', 'Timor-Leste (East Timor)', '+670'),
(173, 173, 'en', 'TG', 'Togo', '+228'),
(174, 174, 'en', 'TO', 'Tonga', '+676'),
(175, 175, 'en', 'TT', 'Trinidad and Tobago', '+1-868'),
(176, 176, 'en', 'TN', 'Tunisia', '+216'),
(177, 177, 'en', 'TR', 'Turkey', '+90'),
(178, 178, 'en', 'TM', 'Turkmenistan', '+993'),
(179, 179, 'en', 'TV', 'Tuvalu', '+688'),
(180, 180, 'en', 'UG', 'Uganda', '+256'),
(181, 181, 'en', 'UA', 'Ukraine', '+380'),
(182, 182, 'en', 'AE', 'United Arab Emirates', '+971'),
(183, 183, 'en', 'GB', 'United Kingdom', '+44'),
(184, 184, 'en', 'US', 'United States', '+1'),
(185, 185, 'en', 'UY', 'Uruguay', '+598'),
(186, 186, 'en', 'UZ', 'Uzbekistan', '+998'),
(187, 187, 'en', 'VU', 'Vanuatu', '+678'),
(188, 188, 'en', 'VA', 'Vatican City', '+379'),
(189, 189, 'en', 'VE', 'Venezuela', '+58'),
(190, 190, 'en', 'VN', 'Viet Nam', '+84'),
(191, 191, 'en', 'YE', 'Yemen', '+967'),
(192, 192, 'en', 'ZM', 'Zambia', '+260'),
(193, 193, 'en', 'ZW', 'Zimbabwe', '+263'),
(194, 194, 'en', 'GE', 'Abkhazia', '+995'),
(195, 195, 'en', 'TW', 'China, Republic of (Taiwan)', '+886'),
(196, 196, 'en', 'AZ', 'Nagorno-Karabakh', '+374-97'),
(197, 197, 'en', 'CY', 'Northern Cyprus', '+90-392'),
(198, 198, 'en', 'MD', 'Pridnestrovie (Transnistria)', '+373-533'),
(199, 199, 'en', 'SO', 'Somaliland', '+252'),
(200, 200, 'en', 'GE', 'South Ossetia', '+995'),
(201, 201, 'en', 'AU', 'Ashmore and Cartier Islands', ''),
(202, 202, 'en', 'CX', 'Christmas Island', '+61'),
(203, 203, 'en', 'CC', 'Cocos (Keeling) Islands', '+61'),
(204, 204, 'en', 'AU', 'Coral Sea Islands', ''),
(205, 205, 'en', 'HM', 'Heard Island and McDonald Islands', ''),
(206, 206, 'en', 'NF', 'Norfolk Island', '+672'),
(207, 207, 'en', 'NC', 'New Caledonia', '+687'),
(208, 208, 'en', 'PF', 'French Polynesia', '+689'),
(209, 209, 'en', 'YT', 'Mayotte', '+269'),
(210, 210, 'en', 'PM', 'Saint Pierre and Miquelon', '+508'),
(211, 211, 'en', 'WF', 'Wallis and Futuna', '+681'),
(212, 212, 'en', 'TF', 'French Southern and Antarctic Lands', ''),
(213, 213, 'en', 'PF', 'Clipperton Island', ''),
(214, 214, 'en', '', 'French Scattered Islands in the Indian Ocean', ''),
(215, 215, 'en', 'BV', 'Bouvet Island', ''),
(216, 216, 'en', 'CK', 'Cook Islands', '+682'),
(217, 217, 'en', 'NU', 'Niue', '+683'),
(218, 218, 'en', 'TK', 'Tokelau', '+690'),
(219, 219, 'en', 'GG', 'Guernsey', '+44'),
(220, 220, 'en', 'IM', 'Isle of Man', '+44'),
(221, 221, 'en', 'JE', 'Jersey', '+44'),
(222, 222, 'en', 'AI', 'Anguilla', '+1-264'),
(223, 223, 'en', 'BM', 'Bermuda', '+1-441'),
(224, 224, 'en', 'IO', 'British Indian Ocean Territory', '+246'),
(225, 225, 'en', '', 'British Sovereign Base Areas', '+357'),
(226, 226, 'en', 'VG', 'British Virgin Islands', '+1-284'),
(227, 227, 'en', 'KY', 'Cayman Islands', '+1-345'),
(228, 228, 'en', 'FK', 'Falkland Islands (Islas Malvinas)', '+500'),
(229, 229, 'en', 'GI', 'Gibraltar', '+350'),
(230, 230, 'en', 'MS', 'Montserrat', '+1-664'),
(231, 231, 'en', 'PN', 'Pitcairn Islands', ''),
(232, 232, 'en', 'SH', 'Saint Helena', '+290'),
(233, 233, 'en', 'GS', 'South Georgia and the South Sandwich Islands', ''),
(234, 234, 'en', 'TC', 'Turks and Caicos Islands', '+1-649'),
(235, 235, 'en', 'MP', 'Northern Mariana Islands', '+1-670'),
(236, 236, 'en', 'PR', 'Puerto Rico', '+1-787 and 1-939'),
(237, 237, 'en', 'AS', 'American Samoa', '+1-684'),
(238, 238, 'en', 'UM', 'Baker Island', ''),
(239, 239, 'en', 'GU', 'Guam', '+1-671'),
(240, 240, 'en', 'UM', 'Howland Island', ''),
(241, 241, 'en', 'UM', 'Jarvis Island', ''),
(242, 242, 'en', 'UM', 'Johnston Atoll', ''),
(243, 243, 'en', 'UM', 'Kingman Reef', ''),
(244, 244, 'en', 'UM', 'Midway Islands', ''),
(245, 245, 'en', 'UM', 'Navassa Island', ''),
(246, 246, 'en', 'UM', 'Palmyra Atoll', ''),
(247, 247, 'en', 'VI', 'U.S. Virgin Islands', '+1-340'),
(248, 248, 'en', 'UM', 'Wake Island', ''),
(249, 249, 'en', 'HK', 'Hong Kong', '+852'),
(250, 250, 'en', 'MO', 'Macau', '+853'),
(251, 251, 'en', 'FO', 'Faroe Islands', '+298'),
(252, 252, 'en', 'GL', 'Greenland', '+299'),
(253, 253, 'en', 'GF', 'French Guiana', '+594'),
(254, 254, 'en', 'GP', 'Guadeloupe', '+590'),
(255, 255, 'en', 'MQ', 'Martinique', '+596'),
(256, 256, 'en', 'RE', 'Reunion', '+262'),
(257, 257, 'en', 'AX', 'Aland', '+358-18'),
(258, 258, 'en', 'AW', 'Aruba', '+297'),
(259, 259, 'en', 'AN', 'Netherlands Antilles', '+599'),
(260, 260, 'en', 'SJ', 'Svalbard', '+47'),
(261, 261, 'en', 'AC', 'Ascension', '+247'),
(262, 262, 'en', 'TA', 'Tristan da Cunha', ''),
(263, 263, 'en', 'AQ', 'Antarctica', ''),
(264, 264, 'en', 'CS', 'Kosovo', '+381'),
(265, 265, 'en', 'PS', 'Palestinian Territories (Gaza Strip and West Bank)', '+970'),
(266, 266, 'en', 'EH', 'Western Sahara', '+212'),
(267, 267, 'en', 'AQ', 'Australian Antarctic Territory', ''),
(268, 268, 'en', 'AQ', 'Ross Dependency', ''),
(269, 269, 'en', 'AQ', 'Peter I Island', ''),
(270, 270, 'en', 'AQ', 'Queen Maud Land', ''),
(271, 271, 'en', 'AQ', 'British Antarctic Territory', ''),
(272, 9, 'de', 'AU', 'Australien', NULL),
(273, 24, 'de', 'BR', 'Brasilien', NULL),
(274, 31, 'de', 'CA', 'Kanada', NULL),
(276, 64, 'de', 'DE', 'Deutschland', NULL),
(277, 74, 'de', 'HU', 'Ungarn', NULL),
(278, 76, 'de', 'IN', 'Indien', NULL),
(279, 82, 'de', 'IT', 'Italien', NULL),
(280, 124, 'de', 'NL', 'Holland', NULL),
(281, 125, 'de', 'NZ', 'Neu Seeland', NULL),
(282, 138, 'de', 'PL', 'Polen', NULL),
(283, 142, 'de', 'RU', 'Russland', NULL),
(284, 160, 'de', 'ZA', 'Sd Afrika', NULL),
(285, 161, 'de', 'ES', 'Spanien', NULL),
(286, 167, 'de', 'CH', 'Schweiz', NULL);

-- --------------------------------------------------------

--
-- Table structure for table `menu`
--

DROP TABLE IF EXISTS `menu`;
CREATE TABLE IF NOT EXISTS `menu` (
  `id` int(11) NOT NULL AUTO_INCREMENT,
  `menu_name` varchar(255) CHARACTER SET latin1 NOT NULL,
  `menu_status` tinyint(11) NOT NULL,
  `event_id` int(11) unsigned NOT NULL,
  `p_id` int(11) NOT NULL,
  `menu_price` double NOT NULL,
  PRIMARY KEY (`id`),
  KEY `event_id` (`event_id`)
) ENGINE=InnoDB  DEFAULT CHARSET=utf8 COLLATE=utf8_unicode_ci AUTO_INCREMENT=147 ;

--
-- Dumping data for table `menu`
--

INSERT INTO `menu` (`id`, `menu_name`, `menu_status`, `event_id`, `p_id`, `menu_price`) VALUES
(114, 'my menu1', 1, 12, 0, 0),
(115, 'abc', 1, 12, 0, 0),
(122, 'aada', 1, 13, 0, 0),
(127, 'my menu1', 1, 13, 122, 0),
(129, 'abc', 1, 12, 114, 0),
(138, 'my menu1', 1, 13, 0, 0),
(140, 'abc', 1, 111, 0, 0),
(143, 'abc', 1, 104, 0, 33),
(145, 'my test', 1, 188, 0, 20),
(146, 'abc', 1, 111, 0, 10);

-- --------------------------------------------------------

--
-- Table structure for table `modules`
--

DROP TABLE IF EXISTS `modules`;
CREATE TABLE IF NOT EXISTS `modules` (
  `modules_id` int(11) NOT NULL AUTO_INCREMENT,
  `parent_id` int(10) unsigned NOT NULL,
  `modules_name` varchar(32) COLLATE utf8_unicode_ci NOT NULL,
  `modules_status` tinyint(1) NOT NULL DEFAULT '0',
  `sort_id` smallint(5) unsigned NOT NULL,
  `module_actual_name` varchar(50) COLLATE utf8_unicode_ci NOT NULL,
  `action` varchar(25) COLLATE utf8_unicode_ci NOT NULL DEFAULT 'index',
  PRIMARY KEY (`modules_id`)
) ENGINE=MyISAM  DEFAULT CHARSET=utf8 COLLATE=utf8_unicode_ci AUTO_INCREMENT=31 ;

--
-- Dumping data for table `modules`
--

INSERT INTO `modules` (`modules_id`, `parent_id`, `modules_name`, `modules_status`, `sort_id`, `module_actual_name`, `action`) VALUES
(1, 0, 'index', 1, 1, 'Dashboard', 'index'),
(4, 0, 'websites', 1, 2, 'Websites', 'index'),
(13, 0, 'customer', 1, 1, 'Customers', 'index'),
(15, 13, 'customer', 1, 1, 'Customers', 'index'),
(19, 13, 'customer', 1, 2, 'Add New Customer', 'add'),
(20, 4, 'websites', 1, 1, 'Websites', 'index'),
(21, 4, 'websites', 1, 2, 'Add New Website', 'add'),
(22, 0, 'reports', 1, 2, 'Reports', 'index'),
(23, 22, 'reports', 1, 1, 'Reports', 'index'),
(25, 0, 'business', 1, 2, 'Business', 'index'),
(26, 25, 'business', 1, 1, ' Businesses', 'index'),
(27, 25, 'business', 1, 2, 'Add New Business', 'add'),
(28, 22, 'reports', 1, 2, 'Add New Report', 'add'),
(29, 0, 'pages', 1, 1, 'Control Panel', 'cronjobpages'),
(30, 29, 'pages', 1, 2, 'Control Panel', 'cronjobpages');

-- --------------------------------------------------------

--
-- Table structure for table `pages`
--

DROP TABLE IF EXISTS `pages`;
CREATE TABLE IF NOT EXISTS `pages` (
  `id` int(11) NOT NULL AUTO_INCREMENT,
  `webId` int(11) NOT NULL,
  `pageCaption` varchar(200) NOT NULL,
  `pageTitle` varchar(200) NOT NULL,
  `pageKeywords` varchar(200) NOT NULL,
  `pageMetatags` varchar(200) NOT NULL,
  `pageUrl` varchar(200) NOT NULL,
  `pageContent` longtext NOT NULL,
  `pageCreated` timestamp NOT NULL DEFAULT CURRENT_TIMESTAMP,
  `status` enum('1','0') NOT NULL DEFAULT '1',
  `reportStatus` tinyint(5) NOT NULL DEFAULT '0',
  `reportCheckStatus` enum('0','1') NOT NULL DEFAULT '0',
  `cronJobStatus` enum('1','0') NOT NULL DEFAULT '1',
  PRIMARY KEY (`id`)
) ENGINE=MyISAM  DEFAULT CHARSET=utf8 AUTO_INCREMENT=16 ;

--
-- Dumping data for table `pages`
--

INSERT INTO `pages` (`id`, `webId`, `pageCaption`, `pageTitle`, `pageKeywords`, `pageMetatags`, `pageUrl`, `pageContent`, `pageCreated`, `status`, `reportStatus`, `reportCheckStatus`, `cronJobStatus`) VALUES
(14, 20, '', 'your page title', 'Meta Keywords', '', 'http://www.phiplanet.com/our-mission/consumers', 'Meta Description', '2012-05-23 12:28:09', '1', 3, '0', '1'),
(15, 20, '', 'Our Mission - Businesses - PHI PLANET', '', '', 'http://www.phiplanet.com/our-mission/businesses', '', '2012-05-23 13:11:48', '1', 0, '0', '1'),
(10, 19, '', 'Sign In', '', '', 'http://www.hotmail.com', 'Powerful free e-mail with security from Microsoft - Windows Live Hotmail is a best in class e-mail service that helps you organize and manage all your online stuff in one place', '2012-05-15 04:12:51', '0', 0, '0', '0'),
(11, 21, '', 'Objective Consulting, Inc. - Services', 'Services', '', 'http://www.spiders.com/content/services.html', 'Objective Consulting, Inc. is a full-service technology strategy and development firm.  We have a strong focus on automation, efficiency, security and building community.  We create tools to let you get your job done quickly, efficiently and easily.\r\n<br/>\r\n<br/>We work with you to build trust, and then we extend that relationship to your customers through the implementation of efficient technology services.', '2012-05-21 18:12:07', '1', 3, '1', '1'),
(12, 21, '', 'Objective Consulting, Inc. - Custom Software Development', 'Custom Software Development', '', 'http://www.spiders.com/content/services/custom-software.html', 'Have an innovative idea?  Is there no off the shelf or open source software that can meet your needs?  While we focus on adapting existing services and packages to complete your project in the most cost effective manner possible, sometimes custom code development is necessary.', '2012-05-21 19:36:08', '1', 3, '1', '1'),
(13, 21, '', 'Objective Consulting, Inc. - Technology Strategy', 'Technology Strategy', '', 'http://www.spiders.com/content/services/technology-strategy.html', 'OCI can help you develop the technology strategy that is appropriate for your organization.  We''ll work with you to identify your vision and goals, take a baseline assessment of where you are now, and help you identify the best tools and practices to reach and exceed your goals. ', '2012-05-21 21:38:31', '1', 3, '1', '1');

-- --------------------------------------------------------

--
-- Table structure for table `reports`
--

DROP TABLE IF EXISTS `reports`;
CREATE TABLE IF NOT EXISTS `reports` (
  `id` int(11) NOT NULL AUTO_INCREMENT,
  `webId` int(11) NOT NULL,
  `dateTime` datetime NOT NULL,
  `filePdf` varchar(200) CHARACTER SET utf8 COLLATE utf8_unicode_ci NOT NULL,
  `createdAt` timestamp NOT NULL DEFAULT CURRENT_TIMESTAMP ON UPDATE CURRENT_TIMESTAMP,
  `status` enum('1','0') CHARACTER SET utf8 COLLATE utf8_unicode_ci NOT NULL,
  PRIMARY KEY (`id`),
  KEY `event_id` (`createdAt`)
) ENGINE=MyISAM  DEFAULT CHARSET=utf8 AUTO_INCREMENT=22 ;

--
-- Dumping data for table `reports`
--

INSERT INTO `reports` (`id`, `webId`, `dateTime`, `filePdf`, `createdAt`, `status`) VALUES
(19, 19, '2012-04-18 00:00:00', '1336022056_BugMashManual.pdf', '2012-05-03 05:14:16', '1'),
(21, 19, '2012-04-27 00:00:00', '1335435130_Amit - Automation using Selenium.pdf', '2012-04-26 10:12:10', '1');

-- --------------------------------------------------------

--
-- Table structure for table `users`
--

DROP TABLE IF EXISTS `users`;
CREATE TABLE IF NOT EXISTS `users` (
  `id` int(11) NOT NULL AUTO_INCREMENT,
  `fname` varchar(255) COLLATE utf8_unicode_ci DEFAULT NULL,
  `lname` varchar(255) COLLATE utf8_unicode_ci DEFAULT NULL,
  `user_initial` varchar(50) CHARACTER SET utf8 NOT NULL,
  `phone` varchar(255) COLLATE utf8_unicode_ci DEFAULT NULL,
  `mobile` varchar(255) COLLATE utf8_unicode_ci DEFAULT NULL,
  `email` varchar(50) COLLATE utf8_unicode_ci NOT NULL,
  `password` varchar(50) COLLATE utf8_unicode_ci NOT NULL,
  `status` enum('Active','Inactive','Disable') COLLATE utf8_unicode_ci DEFAULT 'Active',
  `role` int(11) DEFAULT NULL,
  `created_at` datetime DEFAULT NULL,
  `updated_at` datetime DEFAULT NULL,
  `varification_key` varchar(100) COLLATE utf8_unicode_ci NOT NULL,
  `user_event_cost` float NOT NULL,
  PRIMARY KEY (`id`)
) ENGINE=InnoDB  DEFAULT CHARSET=utf8 COLLATE=utf8_unicode_ci AUTO_INCREMENT=2 ;

--
-- Dumping data for table `users`
--

INSERT INTO `users` (`id`, `fname`, `lname`, `user_initial`, `phone`, `mobile`, `email`, `password`, `status`, `role`, `created_at`, `updated_at`, `varification_key`, `user_event_cost`) VALUES
(1, 'Admin', 'User', 'admin', '', '', 'tahirpk@gmail.com', '123456', 'Active', 1, NULL, '2010-07-20 14:05:03', '47edcccab72fa97971061bc522cca44600bf8fa4', 0);

-- --------------------------------------------------------

--
-- Table structure for table `websites`
--

DROP TABLE IF EXISTS `websites`;
CREATE TABLE IF NOT EXISTS `websites` (
  `id` int(11) NOT NULL AUTO_INCREMENT,
  `businessId` int(11) NOT NULL,
  `webTitle` varchar(100) NOT NULL,
  `url` varchar(255) CHARACTER SET latin1 NOT NULL,
  `filePdf` varchar(200) CHARACTER SET utf8 COLLATE utf8_unicode_ci NOT NULL,
  `createdAt` timestamp NOT NULL DEFAULT CURRENT_TIMESTAMP ON UPDATE CURRENT_TIMESTAMP,
  `status` enum('1','0') CHARACTER SET utf8 COLLATE utf8_unicode_ci NOT NULL,
  PRIMARY KEY (`id`),
  KEY `event_id` (`createdAt`)
) ENGINE=MyISAM  DEFAULT CHARSET=utf8 AUTO_INCREMENT=24 ;

--
-- Dumping data for table `websites`
--

INSERT INTO `websites` (`id`, `businessId`, `webTitle`, `url`, `filePdf`, `createdAt`, `status`) VALUES
(20, 0, 'web test', 'http://www.phiplanet.com/', 'frontend/webpdf/', '2012-04-26 07:57:42', '1'),
(12, 3, 'web4', 'http://www.google.com.pk/', '', '2012-05-08 18:08:09', '1'),
(19, 4, 'testi', 'http://www.hotmail.com', 'frontend/webpdf/', '2012-05-23 20:12:22', '1'),
(21, 3, 'spider', 'http://www.spiders.com', 'frontend/webpdf/', '2012-05-08 17:51:47', '1');

/*!40101 SET CHARACTER_SET_CLIENT=@OLD_CHARACTER_SET_CLIENT */;
/*!40101 SET CHARACTER_SET_RESULTS=@OLD_CHARACTER_SET_RESULTS */;
/*!40101 SET COLLATION_CONNECTION=@OLD_COLLATION_CONNECTION */;
